{
  "malewhite1": {
    "measure": [
      131.4706,
      83.88235,
      31.4791,
      0.9500954,
      193.4833
    ]
  },
  "malewhite2": {
    "measure": [
      131.8667,
      79.91111,
      29.82952,
      0.9808738,
      190.7844
    ]
  },
  "malewhite3": {
    "measure": [
      132.4286,
      77.61224,
      29.30211,
      1.272343,
      173.854
    ]
  },
  "maleblack1": {
    "measure": [
      130.5,
      83.0,
      29.40836,
      0.9328783,
      224.9556
    ]
  }
}